participant ID,Gender,HappinessAccuracy,HappinessRT,SadnessAccuracy,SadnessRT,SurpriseAccuracy,SurpriseRT,AngerAccuracy,AngerRT,NeutralAccuracy,NeutralRT,FearAccuracy,FearRT
1,Female,100%,5.24517206,80%,8.93540228,100%,7.02725326,40%,5.50759562,100%,5.39781308,100%,7.73898542
2,Female,100%,5.01689462,100%,6.45391838,80%,6.79417284,40%,7.81369558,100%,4.85525856,60%,7.4198345
3,Female,100%,5.96870186,80%,6.0995881,60%,6.4415006,40%,5.89266268,100%,4.88525844,40%,8.82701834
4,Female,60%,5.50382752,80%,6.85815628,100%,8.15640918,20%,8.01931314,80%,4.80904918,60%,6.94392472
5,Male,100%,7.19083182,80%,12.76406022,80%,8.85278276,0%,10.43095746,80%,9.387672,40%,12.76829466
6,Male,100%,7.9383303,100%,6.69215216,100%,4.04754074,10%,5.5676917,60%,6.78474206,60%,7.5306234
7,Male,80%,5.7961431,80%,5.63189622,40%,7.1529242,60%,8.3615705,60%,5.6773704,60%,6.53191904
8,Male,100%,4.72020136,40%,9.59177472,100%,9.12146298,0%,11.09482112,100%,5.37740708,60%,12.55024714
